﻿"conjunto_de_datos_itaeer_itaee_2r2023_t1.csv","Actividades económicas por entidad federativa|Total de la economía"
"conjunto_de_datos_itaeer_itaee_3r2023_t1.csv","Actividades económicas por entidad federativa|Actividades primarias"
"conjunto_de_datos_itaeer_itaee_4r2023_t1.csv","Actividades económicas por entidad federativa|Actividades secundarias"
"conjunto_de_datos_itaeer_itaee_9r2023_t1.csv","Actividades económicas por entidad federativa|Actividades terciarias"
"conjunto_de_datos_itaeer_itaee_13r2023_t1.csv","Entidades federativas por actividad económica|Estados Unidos Mexicanos"
"conjunto_de_datos_itaeer_itaee_14r2023_t1.csv","Entidades federativas por actividad económica|Aguascalientes"
"conjunto_de_datos_itaeer_itaee_15r2023_t1.csv","Entidades federativas por actividad económica|Baja California"
"conjunto_de_datos_itaeer_itaee_16r2023_t1.csv","Entidades federativas por actividad económica|Baja California Sur"
"conjunto_de_datos_itaeer_itaee_17r2023_t1.csv","Entidades federativas por actividad económica|Campeche"
"conjunto_de_datos_itaeer_itaee_18r2023_t1.csv","Entidades federativas por actividad económica|Coahuila de Zaragoza"
"conjunto_de_datos_itaeer_itaee_19r2023_t1.csv","Entidades federativas por actividad económica|Colima"
"conjunto_de_datos_itaeer_itaee_20r2023_t1.csv","Entidades federativas por actividad económica|Chiapas"
"conjunto_de_datos_itaeer_itaee_21r2023_t1.csv","Entidades federativas por actividad económica|Chihuahua"
"conjunto_de_datos_itaeer_itaee_22r2023_t1.csv","Entidades federativas por actividad económica|Ciudad de México"
"conjunto_de_datos_itaeer_itaee_23r2023_t1.csv","Entidades federativas por actividad económica|Durango"
"conjunto_de_datos_itaeer_itaee_24r2023_t1.csv","Entidades federativas por actividad económica|Guanajuato"
"conjunto_de_datos_itaeer_itaee_25r2023_t1.csv","Entidades federativas por actividad económica|Guerrero"
"conjunto_de_datos_itaeer_itaee_26r2023_t1.csv","Entidades federativas por actividad económica|Hidalgo"
"conjunto_de_datos_itaeer_itaee_27r2023_t1.csv","Entidades federativas por actividad económica|Jalisco"
"conjunto_de_datos_itaeer_itaee_28r2023_t1.csv","Entidades federativas por actividad económica|México"
"conjunto_de_datos_itaeer_itaee_29r2023_t1.csv","Entidades federativas por actividad económica|Michoacán de Ocampo"
"conjunto_de_datos_itaeer_itaee_30r2023_t1.csv","Entidades federativas por actividad económica|Morelos"
"conjunto_de_datos_itaeer_itaee_31r2023_t1.csv","Entidades federativas por actividad económica|Nayarit"
"conjunto_de_datos_itaeer_itaee_32r2023_t1.csv","Entidades federativas por actividad económica|Nuevo León"
"conjunto_de_datos_itaeer_itaee_33r2023_t1.csv","Entidades federativas por actividad económica|Oaxaca"
"conjunto_de_datos_itaeer_itaee_34r2023_t1.csv","Entidades federativas por actividad económica|Puebla"
"conjunto_de_datos_itaeer_itaee_35r2023_t1.csv","Entidades federativas por actividad económica|Querétaro"
"conjunto_de_datos_itaeer_itaee_36r2023_t1.csv","Entidades federativas por actividad económica|Quintana Roo"
"conjunto_de_datos_itaeer_itaee_37r2023_t1.csv","Entidades federativas por actividad económica|San Luis Potosí"
"conjunto_de_datos_itaeer_itaee_38r2023_t1.csv","Entidades federativas por actividad económica|Sinaloa"
"conjunto_de_datos_itaeer_itaee_39r2023_t1.csv","Entidades federativas por actividad económica|Sonora"
"conjunto_de_datos_itaeer_itaee_40r2023_t1.csv","Entidades federativas por actividad económica|Tabasco"
"conjunto_de_datos_itaeer_itaee_41r2023_t1.csv","Entidades federativas por actividad económica|Tamaulipas"
"conjunto_de_datos_itaeer_itaee_42r2023_t1.csv","Entidades federativas por actividad económica|Tlaxcala"
"conjunto_de_datos_itaeer_itaee_43r2023_t1.csv","Entidades federativas por actividad económica|Veracruz de Ignacio de la Llave"
"conjunto_de_datos_itaeer_itaee_44r2023_t1.csv","Entidades federativas por actividad económica|Yucatán"
"conjunto_de_datos_itaeer_itaee_45r2023_t1.csv","Entidades federativas por actividad económica|Zacatecas"
